{
	"pages": [
		//pages数组中第一项表示应用启动页，参考：https://uniapp.dcloud.io/collocation/pages
		{
			"path": "pages/course/course",
			"style": {
				"navigationBarTitleText": "课表",
				"enablePullDownRefresh":true,
				"app-plus":{
					"pullToRefresh":{
						"style":"circle",
						"color":"#57B5E0"
					}
				}
			}
		},
		{
			"path": "pages/apply/apply",
			"style":{
				"navigationStyle":"default",
				"navigationBarBackgroundColor": "#3681ba",
				"navigationBarTitleText": "报名"
			}
		},
		{
			"path": "pages/my/my",
			"style": {}
		},
		{
			"path": "pages/login/login",
			"style": {}
		},
		{
			"path": "pages/list/list",
			"style":{
				"navigationStyle":"default",
				"navigationBarBackgroundColor": "#3681ba",
				"navigationBarTitleText": "用户手册"
			}
		},
		{
			"path": "pages/about/about",
			"style":{
				"navigationStyle":"default",
				"navigationBarBackgroundColor": "#3681ba",
				"navigationBarTitleText": "关于"
			}
		}, {
			"path": "pages/web/web",
			"style": {
				"navigationStyle":"default",
				"navigationBarBackgroundColor": "#3681ba",
				"navigationBarTitleText": "",
				"app-plus": {
					"titleView": true 
				}
			}
		}, {
			"path":"pages/grade/grade",
			"style": {
				"navigationStyle":"default",
				"navigationBarBackgroundColor": "#3681ba",
				"navigationBarTitleText": "成绩单",
				"app-plus": {
					"titleView": true 
				}
			}
		}, {
			"path":"pages/setGrade/setGrade",
			"style":{
				"navigationStyle":"default",
				"navigationBarBackgroundColor": "#3681ba",
				"navigationBarTitleText": "课程性质设置"				
			}
		}, {
			"path":"pages/test/test",
			"style":{
				"navigationStyle":"default",
				"navigationBarBackgroundColor": "#3681ba",
				"navigationBarTitleText": "考试安排"	
			}
		}, {
			"path":"pages/addTest/addTest",
			"style":{
				"navigationStyle":"default",
				"navigationBarBackgroundColor": "#3681ba",
				"navigationBarTitleText": "编辑备忘录"	
			}
		}, {
			"path":"pages/query/query",
			"style":{
				"onReachBottomDistance":100
			}
		}, {
			"path":"pages/classSave/classSave",
			"style":{
				"navigationStyle":"default",
				"navigationBarBackgroundColor": "#3681ba",
				"navigationBarTitleText": "收藏的课程"	
			}
		}, {
			"path":"pages/classDetail/classDetail",
			"style":{
				"navigationStyle":"default",
				"navigationBarBackgroundColor": "#3681ba",
				"navigationBarTitleText": "课程详情"	
			}
		}, {
			"path":"pages/addCourse/addCourse",
			"style":{
				"navigationStyle":"default",
				"navigationBarBackgroundColor": "#3681ba",
				"navigationBarTitleText": "自定义课程"	
			}
		}, {
			"path":"pages/team/team",
			"style":{
				"navigationStyle":"default",
				"navigationBarBackgroundColor": "#3681ba",
				"navigationBarTitleText": "NEWX"
			}
		}, {
			"path":"pages/feedback/feedback",
			"style":{
				"navigationStyle":"default",
				"navigationBarBackgroundColor": "#3681ba",
				"navigationBarTitleText": "反馈中心"
			}
		}, {
			"path":"pages/teamDetail/teamDetail",
			"style":{
				"navigationStyle":"default",
				"navigationBarBackgroundColor": "#3681ba",
				"navigationBarTitleText": "作品展示"
			}
		}
	],
	"tabBar": {
		"color": "#7A7E83",
		"selectedColor": "#6cb8d2",
		"borderStyle": "black",
		"backgroundColor": "#ffffff",
		"height":"50px",
		"list": [{
			"pagePath": "pages/query/query",
			"iconPath": "static/tabbar/query.png",
			"selectedIconPath": "static/tabbar/query_cur.png",
			"text": "查询"
		}, {
			"pagePath": "pages/team/team",
			"iconPath": "static/tabbar/team.png",
			"selectedIconPath": "static/tabbar/team_cur.png",
			"text": "NEWX"
		}, {
			"pagePath": "pages/course/course",
			"iconPath": "static/tabbar/class.png",
			"selectedIconPath": "static/tabbar/class_cur.png",
			"text": "课表"
		}, {
			"pagePath": "pages/feedback/feedback",
			"iconPath": "static/tabbar/feedback.png",
			"selectedIconPath": "static/tabbar/feedback_cur.png",
			"text": "反馈"
		}, {
			"pagePath": "pages/my/my",
			"iconPath": "static/tabbar/my.png",
			"selectedIconPath": "static/tabbar/my_cur.png",
			"text": "我的"
		}]
	},
	"globalStyle": {
		"navigationStyle": "custom",
		"navigationBarBackgroundColor": "#fff",
		"navigationBarTitleText": "NEWX 系统·2020",
		"navigationBarTextStyle": "white"
	},
	"usingComponts": false,
	"condition": { //模式配置，仅开发期间生效
		"current": 0, //当前激活的模式(list 的索引项)
		"list": [{
			"name": "表单", //模式名称
			"path": "pages/course/course", //启动页面
			"query": "" //启动参数
		}]
	}

}
